UNIT_BUILD_TIME_IW;$VAL$ days.;;;;;x;
SUPPLY_OWNER;Owner:;;;;;x;
SUPPLY_ALLIED;Allied:;;;;;x;
SUPPLY_ACCESS;Military Access:;;;;;x;
SUPPLY_CONTROLLER;Controlled:;;;;;x;
SUPPLY_CONTROLLER_ALLIANCE;Controlled by an ally:;;;;;x;
SUPPLY_SIEGE;Is besieging:;;;;;x;
SUPPLY_CORE;Core:;;;;;x;
fascist_uh;Fascists support the extension of social reform, and the removal of political reform, but will oppose any reform as long as the ruling party is not Fascist.;;;;;x;
reactionary_uh;Reactionaries always attempt to roll back both political and social reforms.;;;;;x;
conservative_uh;Conservatives prefer the status-quo, but may back reforms under conditions of high militancy.;;;;;x;
socialist_uh;Socialists want to see the enactment of further social reforms, but may back political reforms under conditions of high militancy.;;;;;x;
communist_uh;Communists want to enact social reforms, but want to see political reforms rolled back.;;;;;x;
liberal_uh;Liberals want to enact further political reforms, but will also support social reform under conditions of high militancy.;;;;;x;
anarcho_liberal_uh;Anarcho-Liberals want to see social reforms rolled back, and will never support further reforms of any kind.;;;;;x;
RP_ACCUMULATED;We have accumulated §Y$VAL$§W research points that are currently unused.;;;;;x;
WEGAINCB_SETUP;When we gain a Casus Belli;;;;;x;
WEGAINCB_HEADER;$MONARCHTITLE$;;;;;x;
WEGAINCB_1;Casus Belli;;;;;x;
WEGAINCB_2;We have gained the;;;;;x;
WEGAINCB_3;$CASUS$' Casus Belli;;;;;x;
WEGAINCB_4;against;;;;;x;
WEGAINCB_5;$ENEMY$;;;;;x;
WEGAINCB_6;$DESC$;$DESC$;$DESC$;$DESC$;$DESC$;x;
WEGAINCB_LOG;We gained the '$CASUS$' Casus Belli against $ENEMY$.;;;;;x;
WEGAINCB_BTN1;OK;;;;;;x
WEGAINCB_BTN2;OK;;;;;;x
WEGAINCB_BTN3;Goto;;;;;x;
WEGAINCB_MAP;*;;;;;x;
NORMAL_WAR_FREE_NAME;$ORDER$$FIRST$ War of $COUNTRY_ADJ$ Freedom;;;;;x;
AGRESSION_WAR_FREE_NAME;$ORDER$$FIRST$ War of Propping up $COUNTRY$;;;;;x;
NORMAL_WAR_COLONIAL_NAME;$ORDER$$FIRST$ Colonial Conquest of $STATE$;;;;;x;
AGRESSION_WAR_COLONIAL_NAME;$ORDER$$FIRST$ Colonial War for $STATE$;;;;;x;
NORMAL_WAR_TAKE_NAME;$ORDER$$FIRST$ Conquest of $STATE$;;;;;x;
AGRESSION_WAR_TAKE_NAME;$ORDER$$FIRST$ War of $STATE$;;;;;x;
NORMAL_WAR_TAKE_CORE_NAME;$ORDER$$FIRST$ Liberation of $STATE$;;;;;x;
AGRESSION_WAR_TAKE_CORE_NAME;$ORDER$$FIRST$ Aggression for $STATE$;;;;;x;
NORMAL_WAR_TAKE_SPHERE_NAME;$ORDER$$COUNTRY$ War;;;;;x;
AGRESSION_WAR_TAKE_SPHERE_NAME;$ORDER$$FIRST$-$SECOND$ War over $COUNTRY$;;;;;x;
NORMAL_WAR_ADD_SPHERE_NAME;$ORDER$War of $SECOND$ Submission;;;;;x;
AGRESSION_WAR_ADD_SPHERE_NAME;$ORDER$War of $SECOND$ Subjugation;;;;;x;
NORMAL_CIVIL_WAR_NAME;$ORDER$$FIRST$ Civil War;;;;;x;
AGRESSION_CIVIL_WAR_NAME;$ORDER$$FIRST$ Civil War;;;;;x;
NORMAL_WAR_CONQUEST_NAME;$ORDER$Conquest of $SECOND$ War;;;;;x;
AGRESSION_WAR_CONQUEST_NAME;$ORDER$War of $FIRST$ Aggression against $SECOND_COUNTRY$;;;;;x;
ADJ_FORT_EXTRA_ATTR;And §R+$VAL$%§W from hostile adjacent forts.;;;;;x;
IS_NOT_ACCEPTED_CULTURE_POP;does not belong to an accepted culture.\n;;;;;x;
IS_ACCEPTED_CULTURE_POP;belong to an accepted culture.\n;;;;;x;
IS_NOT_PRIMARY_CULTURE_POP;Is not §Y$NAME$§W\n;;;;;x;
IS_PRIMARY_CULTURE_POP;Is §Y$NAME$§W\n;;;;;x;
NEW_CORE_EFFECT_TAG2;$TAG$ will gain §Y$NEW$§W as core.\n;;;;;x;
digin;Dig-In;;;;;x;
terrain;Terrain;;;;;x;
crossing;Crossing;;;;;x;
total_occupation;Occupied Home Provinces;;;;;x;
total_blockaded;Blockaded Home Ports;;;;;x;
PW_SLAVE_STATE;Slave State;;;;;x;
CURR_REL_TT;Our current relations.;;;;;x;
great_power;Great Power;;;;;x;
second_power;Secondary Power;;;;;x;
civ_nation;Civilized Nation;;;;;x;
unciv_nation;Uncivilized Nation;;;;;x;
REB_TYPE_SIZE;§YRebel Support§W;;;;;x;
REB_TYPE_POWER;§YRebel Power§W;;;;;x;
PRODUCTION_MUST_PORT_ONLY;Only produced in ports.\n;;;;;x;
POPULATION_CHANGED_BY;Population changed by;;;;;x;
COMBAT_LEADER_MOD;Leader;;;;;x;
POLITICS_CANNOT_SET_RULING_PARTY_IN_ELECTION;It is not possible to switch ruling parties in the middle of an election.;;;;;x;
IS_NOT_OVERSEAS;Is NOT overseas;;;;;x;
IS_OVERSEAS;Is overseas;;;;;x;
SHIP_SUB_NAME;$NUM$$ORDER$ $HOME$ $TYPE$;;;;;x;
FOLLOWING_HAVE_CLAIMS;The following countries have claims here.;;;;;x;
COUNTRY_IS_NOT_CULTURE;Primary Culture is NOT;;;;;x;
COUNTRY_IS_CULTURE;Primary Culture is;;;;;x;
NO_ASSIM_NOW;No Current Assimilation;;;;;x;
MODIFIER_LOCAL_REPAIR;Ship Repair Speed;;;;;x;
BADBOY_DRO_1;Monthly Infamy Change:\n;;;;;x;
REGIMENT_SIZE;Current Size: §Y$SIZE$§W\n;;;;;x;
CURRENT_MORALE;Organisation: §Y$SIZE$§W of $MAX$.\n;;;;;x;
SUPPLY_COST;Supply Costs;;;;;x;
ALL_CORE_PROVINCE_THAT;For all core provinces ;;;;;x;
BREAKCOUNTRY_SETUP;When a rebel faction enforces its demands in our nation;;;;;x;
BREAKCOUNTRY_HEADER;Report from $CAPITAL$;;;;;x;
BREAKCOUNTRY_1;$FACTION$ Win!;;;;;x;
BREAKCOUNTRY_2;$MONARCHTITLE$, the $FACTION$ have enforced their demands!;;;;;x;
BREAKCOUNTRY_3;*;;;;;x;
BREAKCOUNTRY_4;$EFFECTS$;;;;;x;
BREAKCOUNTRY_5;*;;;;;x;
BREAKCOUNTRY_6;*;;;;;x;
BREAKCOUNTRY_LOG;$FACTION$ enforce their demands!;;;;;x;
BREAKCOUNTRY_BTN1;Horror!;;;;;x;
BREAKCOUNTRY_BTN2;Horror!;;;;;x;
BREAKCOUNTRY_BTN3;Goto;;;;;x;
BREAKCOUNTRY_MAP;*;;;;;x;
BREAKCOUNTRYOTHER_SETUP;When a rebel faction enforces its demands in another nation;;;;;x;
BREAKCOUNTRYOTHER_HEADER;Ambassador from;;;;;x;
BREAKCOUNTRYOTHER_1;$OTHER$;;;;;x;
BREAKCOUNTRYOTHER_2;$FACTION$ have enforced their demands in;;;;;x;
BREAKCOUNTRYOTHER_3;$OTHER$;;;;;x;
BREAKCOUNTRYOTHER_4;$EFFECTS$;;;;;x;
BREAKCOUNTRYOTHER_5;*;;;;;x;
BREAKCOUNTRYOTHER_6;*;;;;;x;
BREAKCOUNTRYOTHER_LOG;$FACTION$ enforce their demands in $OTHER$!;;;;;x;
BREAKCOUNTRYOTHER_BTN1;OK;;;;;;x
BREAKCOUNTRYOTHER_BTN2;OK;;;;;;x
BREAKCOUNTRYOTHER_BTN3;Goto;;;;;x;
BREAKCOUNTRYOTHER_MAP;*;;;;;x;
INVENTION_SETUP;When you have gained an invention.;;;x;;;
INVENTION_HEADER;Reports on;;;;;x;
INVENTION_1;Major Discovery;;;x;;;
INVENTION_2;Scientists in our country have discovered;;;;;x;
INVENTION_3;$INVENTION$;;;x;;;
INVENTION_4;$DESC$;;;x;;;
INVENTION_5;EFFECT:;;;x;;;
INVENTION_6;$EFFECT$;;;x;;;
INVENTION_LOG;We have discovered how $INVENTION$ works.;;;x;;;
INVENTION_BTN1;OK;;;;x;;
INVENTION_BTN2;OK;;;;x;;
INVENTION_BTN3;Details;;;x;;;
INVENTION_MAP;*;;;x;;;
revanchism;Revanchism;;;;;x;
plurality;Plurality;;;;;x;
TOPBAR_LEADERSHIP_GAIN_TOOLTIP;We gain §Y$CURR$§W leadership from our officers each month.;;;;;x;
UW_AASIGN;Autoassign Leaders;;;;;x;
ATTR_SAFE_RANGE;A Fleet in range of supply ships, and near a coast will not take any attrition.;;;;;x;
TECHNOLOGYVIEW_HAVE_NOT_YEAR;It is not possible to start researching this before §Y$YEAR$§W.;;;;;x;
ENCOURAGEMENT_FOR;Encouragement for ;;;;;x;
IS_NOT_PRIMARY_CULTURE;§Y$NAME$§W is NOT primary culture.\n;;;;;x;
IS_PRIMARY_CULTURE;§Y$NAME$§W is primary culture.\n;;;;;x;
IS_NOT_ACCEPTED_CULTURE2;§Y$NAME$§W is NOT an accepted culture.\n;;;;;x;
IS_ACCEPTED_CULTURE2;§Y$NAME$§W is an accepted culture.\n;;;;;x;
ALL_COUNTRIES_EFF;All countries;;;;;x;
ALL_COUNTRIES_THAT_EFF;All countries that;;;;;x;
GETTING_ONLY_NEEDS;Getting only $NEED$: §Y$VAL$%§W;;;;;x;
tutorial_chapter_introduction;End of Introduction.;;;;;x;
tutorial_end_of_chapter;End of Tutorial Chapter;;;;;x;
ISSUE_MOVE_EFFECT;§Y$PERCENTAGE$%§W of pops move from §YFROM§W to §YTO§W;;;;;x;
ADD_WARGOAL_EFFECT;When we add this war goal, we will gain:;;;;;x;
ADD_WARGOAL_SUCCESS;If we achive this war goal, we will gain:;;;;;x;
ADD_WARGOAL_FAILURE;If we fail to achive this war goal, we will gain:;;;;;x;
WARDIALOG_TRUCE;Truce: ;;;;;x;
WARDIALOG_NOCB;No casus belli: ;;;;;x;
DIPLOMACY_INFAMY2;Infamy: $VALUE$;;;;;x;
DIPLOMACY_PRESTIGE2;Prestige: $VALUE$;;;;;x;
DIPLOMACY_MILITANCY2;Militancy: $VALUE$;;;;;x;
REMOVE_DIPLOMACY_WARDIALOG_ALLIES;§Y$COUNTRY$§W has the following allies:;;;;;x;
REMOVE_DIPLOMACY_WARDIALOG_NUM_ALLIES;§Y$COUNTRY$§W has §Y$NUM$§W allies;;;;;x;
DIPLOMACY_WAR_HASTRUCE;§RWe have a truce with §Y$COUNTRY$§R until §Y$DATE$§R. Declaring war on them cause a significant hit to our international prestige;;;;;x;
REMOVE_DIPLOMACY_DAILYINFLULENCE_GAIN;We gain §Y$NUM$§W influence in §Y$COUNTRY$§W each day;;;;;x;
tutorial_chapter_budget_victoria;End of the Intermediary Budget Tutorial;;;;;x;
NO_RELEASEABLE_NATIONS;We have no nations that we can grant sovereignty;;;;;x;
DIPLOMACY_CALL_ALLIES_NOT_LEADER;We are not a leader of this war and cannot call our allies into it;;;;;x;
LEDGER_NEXT;Next;;;;;x;
LEDGER_PREV;Previous;;;;;x;
MEC_544;Schleswig-Holstein;;;;;x;
COUNTRYALERT_CanIncreaseOpinion;We can §YIncrease Opinion§W of our nation or add nations to our §YSphere of Influence§W:;;;;;x;
COUNTRYALERT_NO_CanIncreaseOpinion;We cannot increase the opinion of our nation or add nations to our §YSphere of Influence§W;;;;;x;
COLONY_SUCCESS_LOG;We successfully colonized $TARGET$.;;;;;x;
COLONY_FAIL_LOG;$OTHER$ managed to to colonize $TARGET$ before us.;;;;;x;
american_cultures;American Cultures;;;;;x;
CANT_USE_LAST_WAR_GOALS;Selecting this war goal would end the war and can only be done in a peace deal with the war leader;;;;;x;
tut_6a_13;To improve Belgium's industrial production we need more industrial workers, click the craftsmen icon to set this focus.;;;;;x;
DEN_251;Iceland & Greenland;;;;;x;
CANCELALLIANCE_THEY_ACCEPT_BTN2;OK;;;;;;x
CANCELALLIANCE_THEY_ACCEPT_BTN3;Go to;;;;;x;
tut_1b_19;For now we are manually going to assign our General, go ahead and select your division in Spa.;;;;;x;
TOPBAR_DEC_SPEED;Decrease Speed;;;;;x;
fort;Fort;;;;;x;
fort_short;Fort;;;;;x;
TOPBAR_DEC_SPEED;Decrease Speed;;;;;x;
IS_GREAT_NATION;Is Great Power;;;;;x;
NO_DEMOTION;There will be no demotions this month.;;;;;x;
NO_PROMOTION;There will be no promotions this month.;;;;;x;
INCREASEOPINION_THEY_ACCEPT_MAP;Opinion increased;;;;;x;
INCREASEOPINION_WE_ACCEPT_MAP;Opinion increased;;;;;x;
DECREASEOPINION_THEY_ACCEPT_MAP;Opinion decreased;;;;;x;
DECREASEOPINION_WE_ACCEPT_MAP;Opinion decreased;;;;;x;
ADDTOSPHERE_THEY_ACCEPT_MAP;Added to Sphere;;;;;x;
ADDTOSPHERE_WE_ACCEPT_MAP;Added to Sphere;;;;;x;
REMOVEFROMSPHERE_THEY_ACCEPT_MAP;Removed from sphere;;;;;x;
REMOVEFROMSPHERE_WE_ACCEPT_MAP;Removed from sphere;;;;;x;
INCREASERELATION_THEY_ACCEPT_MAP;Relation increased;;;;;x;
INCREASERELATION_WE_ACCEPT_MAP;Relation increased;;;;;x;
DECREASERELATION_THEY_ACCEPT_MAP;Relation decreased;;;;;x;
DECREASERELATION_WE_ACCEPT_MAP;Relation decreased;;;;;x;
WETARGET_DISCREDIT_MAP;Discredited!;;;;;x;
WETARGET_EXPELADVISORS_MAP;Advisors expelled!;;;;;x;
WETARGET_BANEMBASSY_MAP;Embassy banned!;;;;;x;
WETARGET_DECREASEOPINION_MAP;Opinion decreased!;;;;;x;
WETARGET_REMOVEFROMSPHERE_MAP;Removed from sphere!;;;;;x;
womens_suffrage_movement;Womens Sufferage Movement;;;;;x;
WAR_GOOD_RELATION;Good relations(§Y$REL$§W) and average consciousness(§Y$CON$§W): ;;;;;x;
make_slave;Create Slave State;;;;;x;
make_free;Create Free State;;;;;x;
POP_OTHER_CULT;Other;;;;;x;
BLOCKADED_PEACE;Blockaded;;;;;x;
PRODUCTION_DESTROY_FACTORY_BECAUSE_TOOLTIP;We are allowed to destroy this factory because:\n;;;;;x;
PRODUCTION_NOT_DESTROY_FACTORY_BECAUSE_TOOLTIP;We are allowed to destroy this factory because:\n;;;;;x;
RULE_DESTROY_FACTORY;Destroy Factories;;;;;x;
INCREASE_RELATION_MAX;We cannot get better relations with ;;;;;x;
DECREASE_RELATION_MAX;We cannot get worse relations with ;;;;;x;
BANKRUPTCY_SETUP;When we have a bankruptcy;;;;;x;
BANKRUPTCY_HEADER;$MESSENGER$;;;;;x;
BANKRUPTCY_1;A sad state of affairs!;;;;;x;
BANKRUPTCY_2;We have been forced to declare bankrupcy.;;;;;x;
BANKRUPTCY_3;All our loans have been cleared,;;;;;x;
BANKRUPTCY_4;but this has caused great concern among our population;;;;;x;
BANKRUPTCY_5;and we have lost much prestige in the eyes of the world.;;;;;x;
BANKRUPTCY_6;In the future banks will be more hesitant to loan us money.;;;;;x;
BANKRUPTCY_LOG;We went bankrupt.;;;;;x;
BANKRUPTCY_BTN1;This is not good;;;;;x;
THEY_BANKRUPTCY_SETUP;another country has a bankruptcy;;;;;x;
THEY_BANKRUPTCY_HEADER;$MESSENGER$;;;;;x;
THEY_BANKRUPTCY_1;Bankruptcy!;;;;;x;
THEY_BANKRUPTCY_2;$COUNTRY$;;;;;x;
THEY_BANKRUPTCY_3;have been forced to declare bankrupcy.;;;;;x;
THEY_BANKRUPTCY_4;*;;;;;x;
THEY_BANKRUPTCY_5;*;;;;;x;
THEY_BANKRUPTCY_6;*;;;;;x;
THEY_BANKRUPTCY_LOG;$COUNTRY$ went bankrupt.;;;;;x;
THEY_BANKRUPTCY_BTN1;Ok;;;;;x;
LIT_CHANGE;Monthly Change;;;;;x;
precious_metal_desc;Precious Metals are not sold as normal goods but directly converted to money.;;;;;x;
DIPLOMACY_CANNOT_SET_PRIO_BANNED;We cannot influence this nation since our embassy is banned;;;;;x;
PROV1723;Balboa;;;;;x;
PROV353;Ösel;;;;;x;
MILITARY_MOBILIZE;Mobilize our Armed Forces;;;;;x;
MILITARY_MOBILIZE_DESC;Apart from our standing army, our country can also, in the event of war, draw upon additional resources in the form of conscript levies. By ordering mobilization, our conscript armies will begin amassing at major population centers, and begin preparations for full out war. While mobilization may be essential to overcoming a sizable enemy invasion, we must always be wary of its impact on the national economy.;;;;;x;
MILITARY_DEMOBILIZE;Demobilize our Armed Forces;;;;;x;
MILITARY_DEMOBILIZE_DESC;By giving the order to stand down, our conscript armies will leave the field of battle and return to their homes. While any country ravaged by the tribulations of war certainly longs for a return to normalcy, we would do well to first ensure that the war is won, before sheathing our sword.;;;;;x;
BE_TECH;Technologies:;;;;;x;
BE_INVENT;Inventions:;;;;;x;
TOPBAR_DIPLOPOINTS_GAIN;We gain §Y$VALUE$§W diplomatic points each month;;;;;x;
TOPBAR_DIPLOPOINTS_BASEGAIN;Base gain: §Y$VALUE$§W diplomatic points;;;;;x;
MOBILISE;Mobilize;;;;;x;
DEMOBILISE;Demobilize;;;;;x;
BE_INVENT;Inventions:;;;;;x;
THE_WORLD_IN;The World in $YEAR$;;;;;x;
TECHNOLOGY_ACTIVATION_YEAR;Activation year:;;;;;x;
TECHNOLOGY_RESEARCH_POINTS;Research points:;;;;;x;
tut_8c_12;In Victoria 2 you must set a War Goal for any war you start. You can only select the War goals you can see on the right side of the War Declaration Pop-up. Be aware that these War goals are the only thing you can demand in peace. \n Click the Show Wars view to check out wargoals.;;;;;x;
tut_6b_14;Now click next to contiune.;;;;;x;
tut_8a_7;To try to ally with The United Kingdom we need to take a diplomatic action. Diplomatic actions can be anything from requesting an alliance to declaring war. To perform a diplomatic action we need to have diplomatic points, which are accumulated monthly. Looking in the top bar under diplomacy we can see that we have a few points, more than the 1 point that the Form Alliance action costs. Go ahead and press the Form Alliance action and then press the 'Accept' button to suggest an alliance with the UK.;;;;;x;
TEMP_NEXT;Next;;;;;x;
BUDGET_EXPORTS;National Stockpile Sales: §Y$VAL$§W;;;;;x;
BUDGET_IMPORTS;National Stockpile Purchases: §Y$VAL$§W;;;;;x;
bad_debter;Bad debter;;;;;x;
bad_debter_desc;Due to your countrys history of flaky economy banks will demand a higher interest on your loans;;;;;x;
MUST_NEGOTIATE_WITH_WAR_LEADER;We must negotiate with the enemy §YWar leader§W if we are not leading our war;;;;;x;
BAD_ADJ;Baden;;;;;x;
WAR_LEADER;§YWar leader§W;;;;;x;
MUST_NEGOTIATE_WITH_WAR_LEADER_NO_LEFTOVER_WARGOALS;We must negotiate with the enemy §YWar leader§W since making peace with §Y$COUNTRY$§W would end the war;;;;;x<;
WARGOAL_DEMAND;§Y$COUNTRY$§W demands this from §Y$ENEMY$§W;;;;;x;
POP_DETAILS_PROMOTIONS;Promotions:;;;;;x;
POP_DETAILS_DEMOTIONS;Demotions:;;;;;x;
NO_WAR_SPHERE_LEADER;Cannot go to war against sphere leader.;;;;;x;
EVTNAME15310;The Flying University;;;;;x;
GO_TO_DIPLOMACY;Go to Diplomacy;;;;;x;
PROVINCE_CONTROL_DAYS_LATER_THAN;Province control not changed in the last §Y$DAYS$§W days.\n;;;;;x;
PROVINCE_CONTROL_DAYS;Province control changed in the last §Y$DAYS$§W days.\n;;;;;x;
ENFORCE_DEMANDS_TRIGGER;These rebels will win if the following is true:;;;;;x;
tut_1a_40;After you see the movement arrow, unpause the game to get going.;;;;;x;
EVTNAME15060;First Farmer's Bank;;;;;x;
POLITICS_REFORMS;Reforms;;;;;x;
POLITICS_RELEASE_NATIONS;Release Nations;;;;;x;
MILITARY_LEADER_NAME_TOOLTIP;§Y$NAME$§W is in command of §Y$ARMY$§W in §Y$LOCATION$§W;;;;;x;
hms_government;HM's Government;;;;;x;
EVTNAME19310;The Mandate of Heaven;;;;;x;
EVTDESC19310;The 'Mandate of Heaven' is a concept in Chinese philosophy, similar to the western concept of the divine right of Kings, which has historically been used to both justify and motivate monarchical power. With our recent ascension to Great Power status our subjects have again become convinced that our government enjoys the The Mandate of Heaven.;;;;;x;
EVTOPTA19310;Excellent!;;;;;x;
EVTNAME19320;The Empire of the Sun;;;;;x;
EVTDESC19320;Japan, land of the rising sun. For many years, since the black ships of the gaijin first appeared on our shores, our nation has been sailing in the wake of powers greater than and beyond our own. With our recent ascension to Great Power status the tides of fortune have turned. From now on let the winds repulse and break any foreign wave that dares wash over the sacred shores of the Great Power of Japan!;;;;;x;
EVTOPTA19320;Banzai!;;;;;x;
form_union_nation_title;Form $CULTURE_GROUP_UNION$;;;;;x;
form_union_nation_desc;Our dominant position among our cultural brethren puts us in a position to form $CULTURE_GROUP_UNION$.;;;;;x;
BE_SECOND_RANK;Secondary Power;;;;;x;
COUNTRYALERT_HasUnemployedWorkers;The following states have unemployed factory workers:;;;;;x;
REMOVE_TOPBAR_POPULATION;Our adult male population is $CURR$. Our adult male population has changed by approx. $CHANGE$ each month.;;;;;x;
TOPBAR_POPULATION_VISUAL;Our total population is $CURR$.;;;;;x;
BUILD_COLONIAL;Non-colonial state;;;;;x;
EVTNAME60080;The Road to Serfdom;;;;;x;
EVTDESC60080;Lately an eerie feeling has crept over you that $COUNTRY$ is growing silent. Where before the free exchange of opinion and ideas could be heard, from street corners and bus stops to bars and universities, now only the sounds of silence gives echo. The conclusion that is becoming ever more evident, is that the tradition of $COUNTRY_ADJ$ democracy has been subverted. In $COUNTRY$, at least, the government for, of and by the people, has perished from the earth.;;;;;x;
EVTOPTA60080;Muahahaha!;;;;;x;
EVTNAME14210_sub;All They're Saying is 'Give Peace a Chance!';;;;;x;
EVTNAME14040;Love & War;;;;;x;
REL_SPHERE_OF_INFLUENCE;In Sphere;;;;;x;
status_quo_short;Status Quo;;;;;x;
TOTAL_AMOUNT_OF_SHIPS;Total amount of ships: $COUNT$;;;;;x;
LESS_AMOUNT_OF_SHIPS;Less amount of ships than: $COUNT$;;;;;x;
tut_3a_21b;Try to take a loan by pressing the take loan button, pulling the slider till you have an amount you like and press OK.;;;;;x;
REVANCHISM_EXPLANATION;Revanchism, from the French word for 'revenge', is the yearning for the return of land lost to the nation. In love, war, and peace alike, our people will be willing to make greater sacrifices for the return of our sacred soil.;;;;;x;
EVTNAME14120_sub;Religious policy debated in local election;;;;;x;
tut_8c_10;However, should you drop down in position it's not too late, as you will get a warning in time and can then try to fix the problem. One way to avert this disaster is, of course, war. Either a war to increase your own prestige, or to lower someone else's. Let's talk a bit about wars. Find France and declare war. Do this by clicking declare war, selecting a war goal and clicking 'Ok'.;;;;;x;
BE_GREAT_POWER;Great Power;;;;;x;
DIPLOMACY_GREATNATION_STATUS;Great Power;;;;;x;
WE_NO_LONGER_GREAT_POWER_2;and lost its position as a Great Power to;;;;;x;
THEY_NO_LONGER_GREAT_POWER_3;and lost its position as a Great Power to;;;;;x;
WE_BECAME_GREAT_POWER_2;and are now considered a Great Power!;;;;;x;
SERVER_LOST_DESC;The server was lost. You can save the game or choose continue and close this window. To continue the game you must quit and rehost.;;;;;x;
MODIFIER_GLOBAL_POP_MILITANCY_MODIFIER;Pop Militancy;;;;;x;
MODIFIER_GLOBAL_POP_CONSCIOUSNESS_MODIFIER;Pop Consciousness;;;;;x;
global_liberal_agitation;Liberal Agitation;;;;;x;
desc_global_liberal_agitation;Firebrands are arguing the cause of liberalism and revolution.;;;;;x;
EDU_DESC;The educational budget is used to pay the clergy and to produce research points.;;;;;x;
ADM_DESC;Spending on administration allows your bureaucrats to run and maintain a healthy bureaucracy, increasing your tax efficiency.;;;;;x;
COMBATEND_INITIAL;Initial;;;;;x;
COMBATEND_CASUALTIES;Casualties;;;;;x;
COMBATEND_SURVIVORS;Survivors;;;;;x;
cavours_diplomacy_title;Cavour's Diplomacy;;;;;x;
cavours_diplomacy_desc;Camillo Paolo Filippo Giulio Benso, Count of Cavour, Prime Minister of The Kingdom of Sardinia, was a leading figure in the movement for Italian Unification, and his personal efforts at diplomacy are often credited with securing the support of Napoleon III's France against Austria in the Second Italian War of Independence.;;;;;x;
EVTNAME36898;Coronation of Queen Victoria;;;;;x;
EVTDESC36898;On the 28th of June, 1838, princess Alexandrina Victoria of House Hanover ascended to the throne of The United Kingdom of Great Britain and Ireland as 'Queen Victoria'. Her reign, which would last even a few years into the 20th century, would later be remembered as the absolute zenith of the British Empire, upon which the sun never set. The last British Monarch of the House of Hanover, her ascension also marked the end of the personal union between Britain and Hanover. Today a jubilant crowd in London has escorted the young Queen Victoria to her residence in the newly built Buckingham Palace.;;;;;x;
EVTOPTA36898;Victoria Regina!;;;;;x;
RELEASE_VASSAL_EFFECT;Release §Y$TARGET$§W\n;;;;;x;
EVTDESC15310;As she makes her way through the city, doding shadows as if they were $COUNTRY_ADJ$ soldiers, the illuminated clock-tower of the church seems to glare at her like a mean, infected yellow eye. She's already late, but class is still in session.\n\nAn underground university has formed in $PROVINCENAME$, providing higher education despite the ban on minority languages in academia.;;;;;x;
EVTNAME11100;The $FROMCOUNTRY_ADJ$ Parliament;;;;;x;
EVTDESC11100;A rising tide of liberal nationalism within greater $CULTURE_GROUP_UNION$ has toppled the government in $FROMCOUNTRY$. A parliament of liberal revolutionaries has been convened, with representatives from all of $CULTURE_GROUP_UNION$, which has decreed that the time is right for the nation to unite under one banner. The parliament has offered the crown of this united $CULTURE_GROUP_UNION$ to us. We could accept the offer, but doing so would cause international alarm, and require us to compensate the revolutionaries politically.;;;;;x;
EVTOPTA11100;Hurrah!;;;;;x;
EVTOPTB11100;I will not accept a crown from the gutter.;;;;;x;
IS_IN_A_SPHERE;Is in a Sphere of Influence;;;;;x;
EVTNAME16070;Fire-Eaters;;;;;x;
EVTDESC16070;It has put at rest, forever, all the agitating questions relating to our peculiar institution.'\n\nHis words are soft-spoken, but carry an inner flame of righteous anger directed at anyone and anything he deems as threatening the institution of slavery. 'Fire-Eaters', radical pro-slavery agitators, have appeared in $PROVINCENAME$;;;;;x;
EVTOPTA16070;All men were created equal...;;;;;x;
EVTOPTB16070;Never were truer words spoken!;;;;;x;
PROVINCEVIEW_SUPPLY_LIMIT;Supply Limit:;;;;;x;
PRODUCTION_COST_REOPEN;Reopening Cost: §Y$VAL$§W;;;;;x;
EVTNAME11102;Three Hurrahs For $CULTURE_GROUP_UNION$!;;;;;x;
EVTDESC11102;All around $COUNTRY$, jubilant crowds, waving the flag of $CULTURE_GROUP_UNION$, take to the streets in celebration, as the government in $CAPITAL$ has proclaimed the unification of all of $CULTURE_GROUP_UNION$ under the $COUNTRY_ADJ$ flag.\n\n'For far too long have we let the machination and conspiracy of foreign powers set the course of our nation's life. Today, and forever -- here, in our ancient homeland -- we form the bonds of a more perfect union. Three Hurrahs for $CULTURE_GROUP_UNION$!'\n\n;;;;;x;
EVTOPTA11102;Hurrah!;;;;;x;
NAVALATTACKTHEM_HEADER;Chief of Navy reports;;;;;x;
NAVALATTACKUS_HEADER;Chief of Navy reports;;;;;x;
SIEGEUS_SETUP;When the enemy begins to occupy our province;;;;;x;
SIEGEUS_HEADER;$MESSENGER$;;;;;x;
SIEGEUS_1;Our Province is beginning to be occupied;;;;;x;
SIEGEUS_2;$MONARCHTITLE$,;;;;;x;
SIEGEUS_3;$PROV$;;;;;x;
SIEGEUS_4;is beginning to be occupied. Fear not! The forces of;;;;;x;
SIEGEUS_5;$ATTACKER$;;;;;x;
SIEGEUS_6;will soon be driven off by the might of our armies.;;;;;x;
SIEGEUS_LOG;$PROV$ is beginning to be occupied.;;;;;x;
SIEGEUS_BTN1;OK;;;;;;x
SIEGEUS_BTN2;OK;;;;;;x
SIEGEUS_BTN3;Goto;;;;;x;
SIEGEUS_MAP;*;;;;;x;
SIEGETHEM_SETUP;When we begin to occupy one of our enemy's provinces;;;;;x;
SIEGETHEM_HEADER;$MESSENGER$;;;;;x;
SIEGETHEM_1;Their province is beginning to be occupied;;;;;x;
SIEGETHEM_2;$MONARCHTITLE$, we have started to occupy;;;;;x;
SIEGETHEM_3;$PROV$.;;;;;x;
SIEGETHEM_4;It won't take long before our forces have wrenched it out of the clutches of;;;;;x;
SIEGETHEM_5;$DEFENDER$.;;;;;x;
SIEGETHEM_6;They will look forward to our enlightened government.;;;;;x;
SIEGETHEM_LOG;We have begun to occupy $PROV$.;;;;;x;
SIEGETHEM_BTN1;OK;;;;;;x
SIEGETHEM_BTN2;OK;;;;;;x
SIEGETHEM_BTN3;Goto;;;;;x;
SIEGETHEM_MAP;*;;;;;x;
chief_of_army;Chief of Army;;;;;x;
chief_of_navy;Chief of Navy;;;;;x;
chief_of_staff;Chief of Staff;;;;;x;
SPHERE_LEADER;Sphere Leader;;;;;x;
CONFIRM_INTERVENTION;Intervention!;;;;;x;
CONFIRM_INTERVENTION_DESC;Do you want to intervene in the $WAR$?;;;;;x;
CHAT_NONE_TIP;Clear chat filter;;;;;x;
CHAT_ALLIES_TIP;Only chat with allies;;;;;x;
CHAT_ENEMIES_TIP;Only chat with enemies;;;;;x;
CHAT_ALL_TIP;Chat with every one.;;;;;x;
CHAT_FILTER;Click to change if the user gets messages or not;;;;;x;
UV_NO_MORALE;Cannot move due to poor organisation. Current organisation is §Y$ORG$§W out of §Y$NEED$§W needed.;;;;;x;
UV_NO_STRENGHT;Cannot move due to poor strenght. Current strenght is §Y$STR$§W out of §Y$NEED$§W needed.;;;;;x;
tut_7a_6b;Below is a check box called Automate.\nAutomate will automatically set your trade order to buy what your armies need.;;;;;x;
tut_1a_4;The Dutch are massing on our borders, we must repel them. The first thing we need to do is select an army to do it. \n To select an army, click the army in Brussels;;;;;x;
CONT_AI;Replace w. AI;;;;;x;
CONT_CONTINUE;Continue (no AI);;;;;x;
ASKMILITARYACCESS_THEY_ACCEPT_6;We can move our troops freely across their territory while this treaty is in effect.;;;;;x;
ASKMILITARYACCESS_THEY_DECLINE_6;How they fail to see the benefits of having our troops on the streets of their capital is one of life's little mysteries.;;;;;x;
DISBAND_UNIT_DRO;Disbanding a brigade will remove it from the game, and thus reduce the amount of supplies your nation has to spend on maintenance.;;;;;x;
residency_desc;Only people of your nation's primary culture are allowed the vote.;;;;;x;
limited_citizenship_desc;Only people of your nation's primary and accepted cultures are allowed the vote.;;;;;x;
small_arms_production_desc;With the inventions of breech loaded rifles, mechanized rifle drilling, semi-automatics, and other technical improvements in weapons design, the industrial output of small arms was vastly increased during the 19th century.;;;;;x;
ammunition_production_desc;The design and production of basic munitions saw much improvement over the course of the 19th century. Advances in weapons design -- from muzzle to breech loads to semi-automatics and machine guns -- naturally meant that the design and production of ammunition also had to follow suit.;;;;;x;
explosives_production_desc;The Victorian era witnessed tremendous advances in man's capacity for blowing things up. An era that had started with little more advanced than simple black powder would, at the end of it, have seen the advent of both plastic explosives and nitroglycerin.;;;;;x;
artillery_production_desc;The Industrial Revolution of the 19th century affected practically all areas of human endeavour, and the production of artillery was no exception. What had previously been a lengthy process of cast molding bronze cannons would -- in the hands of luminaries of the industry, such as Alfred Krupp or Hiram Maxim -- become an industrialized and exact sience.;;;;;x;
PO_PD_70;You have won a devastating victory, and can expect the fulfillment of several war goals in a peace settlement.;;;;;x;
PO_PD_40;You have won a total victory, and should demand the fulfillment of at least one major war goal in a peace settlement.;;;;;x;
PO_PD_10;You have won a victory. The enemy would most likely accept a white peace, or the fulfillment of at least a limited war goal in a peace settlement.;;;;;x;
PO_PD_NEG_25;The enemy has won, and we should consider offering the fulfillment of at least a limited war goal of theirs in exchange for peace.;;;;;x;
PO_PD_NEG_60;The enemy has won a total victory, and we should consider offering them the fulfillment of at least one of their major war goals.;;;;;x;
PO_PD_NEG_99;The enemy has won a devastating victory, and we can expect them to demand the fulfillment of several war goals in the peace negotiations.;;;;;x;
TOPBAR_AT_WAR_WITH;At war with §Y$COUNTRY$§W;;;;;x;
tut_7a_8a;Notice the icon with the text BUY under it, and the slider next to it. This means that if you pull the slider to a certain stockpile value, the game will attempt to buy the the trade goods until you have that amount.;;;;;x;
EVTOPTA17000;There will be no suffrage at this junction;;;;;x;
EVTOPTB17000;If only there were popular support for this idea...;;;;;x;
COLONIAL_RANGE;Colonial Range: §G+$VAL$§W;Portée coloniale : §G+$VAL$§W;Kolonialreichweite: §G+$VAL$§W;;Alcance colonial: §G+$VAL$§W;;;;;;;;x
MODIFIER_LOCAL_SHIP_BUILD;Local Ship Build Time;Délai de construction de navire;Lokale Schiffsbauzeit;;Tiempo de construcción de barco en la zona;;;;;;;;x
CB_ALLOWED_ANNEX;Allow Annexation;Autoriser l'annexion;Annektierung erlauben;;Permitir anexión;;;;;;;;x
CB_ALLOWED_ADD_TO_SPHERE;Add to Sphere;Ajouter à la sphère;Zu Sphäre hinzufügen;;Añadir a la esfera;;;;;;;;x
CB_ALLOWED_RELEASE_PUPPET;Release of Puppet;Libération d'un État fantoche;Entlassung von Marionettenstaat;;Liberación de títere;;;;;;;;x
CB_ALLOWED_STATUS_QUO;Return to Status Quo;Retour au statu quo;Rückkehr zum Status Quo;;Volver al 'Statu Quo'.;;;;;;;;x
CB_ALLOWED_TRANSFER_PROVINCES;Transfer of provinces;Transfert des provinces;Übertragung von Provinzen;;Transferencia de provincias;;;;;;;;x
CB_ALLOWED_PRESTIGE;Reduction of Prestige;Diminution du prestige;Prestige-Reduzierung;;Reducción de prestigio;;;;;;;;x
CB_ALLOWED_CONCESSION;Concede Defeat;Concéder la défaite;Niederlage eingestehen;;Admitir derrota;;;;;;;;x
MAINTENANCE_DESC;Maintenance goods need:;Besoin en matériaux pour la maintenance :;Benötigte Instandhaltungsgüter:;;Bienes de mantenimiento necesarios:;;;;;;;;x
MISSING_MAINTENANCE;Output is reduced to §R$PERC$§W since factory is missing maintenance goods;La production est réduite à §R$PERC$§W, car l'usine manque de matériaux pour la maintenance.;Leistung wird auf §R$PERC$§W reduziert, da es der Fabrik an Instandhaltungsgütern fehlt.;;La producción se ha reducido hasta un §R$PERC$§W, ya que a la fábrica le faltan bienes de mantenimiento;;;;;;;;x
PROCEED;Proceed;Accepter;Fortfahren;;Proceder;;;;;;;;x
ENDGAME_HEADLINE;Game Over;Game Over;Das Spiel ist jetzt zu Ende;;Fin de la partida;;;;;;;;x
ENDGAME_DESC;One hundred Momentous years have passed and we have entered the modern age. The world is a radically different place, how did your country do?;Cent ans ont passé et nous sommes entrés dans une ère moderne. Le monde est un endroit radicalement différent, comment cela s'est-il  passé pour votre pays ?;Einhundert bedeutsame Jahre sind vergangen und die Neuzeit ist jetzt angebrochen. Die Welt hat sich radikal verändert, wie ist es Ihrem Land ergangen?;;Ha transcurrido un centenar de años transcendentales y hemos entrado en la era moderna. El mundo es lugar radicalmente distinto, ¿cómo le ha ido a tu país?;;;;;;;;x 
NEEDS_BOUGHT;Estimated needs for today:;Estimation des besoins pour aujourd'hui :;Geschätzte heutige Bedürfnisse:;;Necesidades estimadas para hoy:;;;;;;;;x
TOTAL_NEEDS_BOUGHT;Estimated needs cost:;Estimation du coût des besoins:;Kosten der geschätzten Bedürfnisse:;;Coste de necesidades estimadas:;;;;;;;;x
TOTAL_SOLD_FOR;Yesterday we produced $NUM$ §Y$GOOD$§W which sold for $CASH$¤;Hier, nous avons produit $NUM$ §Y$GOOD$§W qui se sont vendus pour $CASH$¤;Gestern haben wir $NUM$ §Y$GOOD$§W produziert, die für $CASH$¤ verkauft wurden;;Ayer produjimos $NUM$ §Y$GOOD$§W, que vendimos por $CASH$¤;;;;;;;;x
COULDNT_AFFORD;Factory couldn't afford to buy all its inputs yesterday;Hier, l'usine ne pouvait pas se permettre d'acheter toutes ses matières premières.;Die Fabrik hatte gestern nicht genug Geld um alle nötigen Inputgüter zu kaufen;;Ayer, la fábrica no pudo comprar todos sus recursos;;;;;;;;x
INPUT_LACKING;There's not enough §Y$GOOD$§W on the market to satisfy factory input needs;Il n'y a pas assez de §Y$GOOD$§W sur le marché pour satisfaire les besoins en matières premières de l'usine.;Es gibt nicht genug §Y$GOOD$§W auf dem Markt um alle Inputgüter für die Fabrik zu befriedigen;;No hay suficiente §Y$GOOD$§W en el mercado para satisfacer los recursos que necesita la fábrica;;;;;;;;x
OUTPUT_WASTED;$NUM$ of $PRODUCED$ §Y$GOOD$§W didn't get sold yesterday;$NUM$ de $PRODUCED$ §Y$GOOD$§W n'ont pas été vendus hier.;Gestern wurden $NUM$ von $PRODUCED$ §Y$GOOD$§W nicht verkauft;;$NUM$ de lo(a)s $PRODUCED$ §Y$GOOD$§W no se vendieron ayer;;;;;;;;x
TRADE_CONFIRM_DESC;Setting a manual trade means we might end up taking loans to afford purchases.;Mettre le commerce en manuel, signifie que nous pourrions avoir à prendre des prêts pour payer les achats.;Mit einer manuellen Handelsorder kann es passieren, dass wir Kredite aufnehmen um die Einkäufe zu tätigen;;Fijar un comercio manual significa que podemos acabar pidiendo préstamos para hacer compras.;;;;;;;;x
BUDGET_TAX_EFFICIENCY;Tax Efficiency: §Y$VALUE$%§W;Efficacité fiscale : §Y$VALUE$%§W;Steuereffizienz: §Y$VALUE$%§W;;Eficacia impositiva: §Y$VALUE$%§W;;;;;;;;x
BUDGET_TAX_EFFECT;Effective tax: §Y$VALUE$%§W;Imposition effective : §Y$VALUE$%§W;Effektiver Steuersatz: §Y$VALUE$%§W;;Impuesto efectivo: §Y$VALUE$%§W;;;;;;;;x
LEADERSHIP_EFFECT;Leadership: §G$VALUE$§W.\n;Commandement : §G$VALUE$§W.\n;Anführer: §G$VALUE$§W.\n;;Liderazgo: §G$VALUE$§W.\n;;;;;;;;x
#;;;;;;x;;;
WARSUBSIDIES_DI;Offer of Warsubsidies;;;;;x;;;
CANCEL_WARSUBSIDIES_DI;Cancellation of Warsubsidies;;;;;x;;;
ASKMILITARYACCESS_DI;Request for Military Access;;;;;x;;;
CANCELASKMILITARYACCESS_DI;Cancellation of Military Access;;;;;x;;;
GIVEMILITARYACCESS_DI;Offer of Military Access;;;;;x;;;
CANCELGIVEMILITARYACCESS_DI;Cancellation of Military Access;;;;;x;;;
ALLIANCE_DI;Alliance Offer;;;;;x;;;
CANCELALLIANCE_DI;Alliance Broken;;;;;x;;;
CALLALLY_DI;Call Ally;;;;;x;;;
DISCREDIT_DI;Discredit;;;;;x;;;
EXPELADVISORS_DI;Expulsion of Advisors;;;;;x;;;
BANEMBASSY_DI;Banning of Embassy;;;;;x;;;
INCREASEOPINION_DI;Opinion Increase;;;;;x;;;
DECREASEOPINION_DI;Opinion Decrease;;;;;x;;;
ADDTOSPHERE_DI;Add to Sphere;;;;;x;;;
REMOVEFROMSPHERE_DI;Remove From Sphere;;;;;x;;;
INCREASERELATION_DI;Increase Relation;;;;;x;;;
DECREASERELATION_DI;Decrease Relation;;;;;x;;;
GUNBOAT_DI;Gunboat Diplomacy;;;;;x;;;
WAR_DI;War;;;;;x;;;
WARGOAL_DI;Adding of Wargoal;;;;;x;;;
PEACE_DI;Peace Offer;;;;;x;;;
TOPBAR_LEADERSHIP_MAX;You have already reached the maximum storage of §Y$MAX$§W leadership and no new leadership will be accumulated.\n;;;;;x;;;
IS_MOBILIZED_IRO;(Reserves are Mobilized);;;;;x;;;
ADD_CRIME;Gain §Y$NAME$§W.\n;;;;;x;;;
TOPBAR_WAR_PLUS;And their satellites and dominions.\n;;;;;x;;;
CANTBUILD_FORCEDISARM;We can't build new military units, as we are under a peace treaty that has forced us to disarm.;;;;;x;;;
SOME_LIFE_NEEDS;Life Needs partly fulfilled;;;;;x;;;
TOPBAR_AVG_CHANGE;We estimate that it will change by $VAL$§W during the next month.;;;;;;x;;
TECH_DAILY_RESEARCHPOINTS_BASE_TOOLTIP;Daily base research points: §Y$VALUE$§W;;;;;;x;;
TECH_DAILY_RESEARCHPOINTS_TOTAL_TOOLTIP;Daily research points: §G+$VALUE$§W;;;;;;x;;
TECH_DAILY_RESEARCHPOINTS_TOOLTIP;$POPTYPE$ provide §G$VALUE$§W research points.\n (§Y$FRACTION$%§W of the population, $OPTIMAL$% is optimal.);;;;;x;;;
average_literacy;Literacy;;;;;x;;;
MODIFIER_RESEARCH_POINTS;Research Points;;;;;x;;;
gas;Gas Attack;;;;;x;;;
COMBAT_GAS;Gas attacks while the opponent lacks the technology to defend against it may be devastating.;;;;;x;;;
MAY_GAS_ATTACK;Can use Gas Attack\n;;;;;x;;;
MAY_GAS_DEFEND;Can defend against Gas Attack\n;;;;;x;;;
IMMIGRANTS_FROM;There were §G$VAL$§W immigrants from $NAME$.;;;;;x;;;
EMIGRANTS_TO;§R$VAL$§W emigrated to $NAME$.;;;;;x;;;
PW_ALL_FOCUSES_USED;All national focuses are already used.;;;;;x;;;
HAS_NO_FACTORIES;Has NO factories.\n;;;;;x;;;
HAS_FACTORIES;Has factories.\n;;;;;x;;;
RETREAT_DELAY_IRO;There is still §Y$VAL$§W day(s) left until a voluntary retreat can be made.;;;;;x;;;
PW_CANTCOLONIZE;Not possible to colonize here yet.;;;;;x;;;
IS_COLONIAL_STATE_POPVIEW;Colonial State;;;;;x;;;
CULTURE_IS_NOT;Culture is NOT;;;;;x;;;
CULTURE_IS;Culture is;;;;;x;;;
INVALID_WARTARGET_TROOPS_IN_THEM;We have troops inside their borders.;;;;;x;;;
WEX_EFFECTS;Current Effects;;;;;x;;;
NOBODY_CAN_VOTE_HERE;Nobody is allowed the vote.;;;;;x;;;
NOT_ABLE_TO_REINFORCE;This pop is now too small to reinforce this brigade.;;;;;;x;;
POP_SIZE_UNITVIEW;This pop has §Y$VAL$§W people and can support §Y$ALLOWED$§W brigades. Currently it has §Y$CURRENT$§W brigades..;;;;;;x;;
MAX_REINF_UNITVIEW;Reinforcing at §G100%§W speed.;;;;;;x;;
POP_IMPACT_UNITVIEW;Due to losses in the reserves, this unit reinforces at §Y$VAL$%§W speed.;;;;;;x;;
MOB_IS_REINFORCE;Mobilized units reinforce at §Y50%§W speed.;;;;;x;;;
EVTNAME60120;Increasing Federalism;;;;;;x;;
EVTDESC60120;A sentiment of cultural nationalism is sweeping $COUNTRY$, as people begin to clamor for unification with our cultural brethren in $CULTURE_GROUP_UNION$. We have little reason to doubt that they would object to a petition of annexation.;;;;;;;;x
EVTOPTA60120;Let's do it;;;;;;x;;
EVTNAME60130;$FROMCOUNTRY$ Petitions for Annexation;;;;;;x;;
EVTDESC60130;Following a surge in popular nationalist sentiments, the $FROMCOUNTRY_ADJ$ government has placed a formal request with our authorities in $CAPITAL$ that they be allowed to join $COUNTRY$ in perpetual union. There seems to be little reason to oppose this move.;;;;;;x;;
EVTOPTA60130;Let's do it;;;;;;x;;
EVTOPTB60130;By god no, $FROMCOUNTRY_ADJ$ scum;;;;;;x;;
ATPEACE;At Peace;;;;;;x;;
NORMAL_WAR_RUDEBOI_NAME;$ORDER$$FIRST$ War of $SECOND$ Containment;;;;;;x;;
AGRESSION_WAR_RUDEBOI_NAME;$ORDER$$FIRST$ War of $SECOND$ Containment;;;;;;x;;
rude_boy;Containment;;;;;;x;;
rude_boy_desc;Force another §Ycountry§W, which has thrown off all pretenses of civilized conduct in the realm of international affairs, to vastly reduce its ambitions.;;;;;;x;;
rude_boy_setup;Contain $RECIPIENT$ by reducing their territory, prestige and military.;;;;;;x;;
rude_boy_short;Contain $RECIPIENT$;;;;;;x;;
POP_DETAILS_EXPENSES;Expenses:;;;;;;x;;
CONFIRM_CREATE_VASSAL;Release Nation;;;;;;x;;
CONFIRM_CREATE_VASSAL_DESC;Do you want to release §Y$COUNTRY$§W as a §Y$TYPE$§W?\n §Y$COUNTRY$§W will receive the following §Y$NUM$§W province(s): §Y$PROVINCES$§W.;;;;;;x;;
egyptian_excavations;Egyptian Excavations;;;;;;x;;
egyptian_excavations_desc;Our country is spearheading archeological excavations in The Valley of the Kings.;;;;;;x;;
POP_DETAILS_EXPENSES;Expenses:;;;;;;x;;
red_shirts_title;Camiciee Rosse;;;;;;x;;
red_shirts_name;Garibaldi's Redshirts;;;;;;x;;
red_shirts_desc;The Redshirts (Camicie rosse) was the name given to the volunteers who served under Giuseppe Garibaldi during his struggles to forge a nation state out of the many splintered Italian states, thus aptly named on account of the red shirts that Garibaldi and his men had taken to wearing. The charismatic Garibaldi, vastly popular both at home and abroad, and generally seen as a freedom fighter, was instrumental in securing Italian Unification under the Sardinian Crown. These Italian Pan-Nationalists fight for the Unification of Italy.;;;;;;x;;
red_shirts_army;Redshirt Expedition of the Thousand;;;;;;x;;
EVTNAME11103;Expedition of The Thousand!;;;;;;x;;
EVTDESC11103;$MONARCHTITLE$! News have just reached us that renowned Italian freedom fighter Giuseppe Garibaldi and his 'Expedition of The Thousand' have broken and taken control of the government in $FROMCOUNTRY$. Everywhere this rugged freedom fighter goes jubilant crowds of Italians turn out to greet him -- waving the tricolor of the Italian nation -- as the liberator of all of Italy. On account of our dominant position on the peninsula, the newly formed government in $FROMCOUNTRY$ sends word that they accept $COUNTRY$'s natural position as the foremost among equals of the newly formed Italy.;;;;;;x;;
EVTOPTA11103;Long live Il Risorgimento!;;;;;;x;;
EVTOPTB11103;Who is this man, and what does he want from me?;;;;;;x;;
CB_DESC_HEAD;This Casus Belli allows us to demand: ;;;;;;x;;
CB_ALLOWED_DISARMAMENT;Forced Disarmament;;;;;;x;;
CB_ALLOWED_REPARATIONS;War Reparations;;;;;;x;;
CB_ALLOWED_STATES;Secession of Territory;;;;;;x;;
TRADE_DISABLED_AUTOMATE;Trade for this goods type is automated. turn off automation to change setting;;;;;;x;;
AUTOMATE_TRADE_CHECK;Automate the trade for this goods type;;;;;;x;;
TECHNOLOGYVIEW_RESEARCH_TOOLTIP;We are currently researching §Y$TECH$§W.\nAt the present pace, the project should be completed on §Y$DATE$§W.;;;;;;x;;
INCREASERELATION_THEY_ACCEPT_4;Our relation increased by §G$CHANGE$§W to §Y$RELATION$§W.;;;;;;x;;
INCREASERELATION_WE_ACCEPT_4;Our relation increased by §G$CHANGE$§W to §Y$RELATION$§W.;;;;;;x;;
DECREASERELATION_WE_ACCEPT_5;Our relation changed by §R$CHANGE$§W to §Y$RELATION$§W.;;;;;;x;;
DECREASERELATION_THEY_ACCEPT_6;Our relation changed by §R$CHANGE$§W to §Y$RELATION$§W.;;;;;;x;;
TRI_1743;Tripoli;;;;;;x;;
NORMAL_WAR_CONCESSION_NAME;$ORDER$ War of The $STATE$ Concession;;;;;;x;;
AGRESSION_WAR_CONCESSION_NAME;$ORDER$ War of The $STATE$ Concession;;;;;;x;;
demand_concession_casus_belli;Demand Concession;;;;;;x;;
demand_concession_casus_belli_desc;Force an §Yuncivilized country§W to secede territory to form a colonial concession.;;;;;;x;;
demand_concession_casus_belli_setup;Demand that $RECIPIENT$ secede territory to form a colonial concession.;;;;;;x;;
demand_concession_casus_belli_short;Demand $STATE$;;;;;;x;;
NORMAL_WAR_PROTECTORATE_NAME;$ORDER$ Acquisition of $FIRST$ $SECOND_COUNTRY$;;;;;;x;;
AGRESSION_WAR_PROTECTORATE_NAME;$ORDER$ Acquisition of $FIRST$ $SECOND_COUNTRY$;;;;;;x;;
establish_protectorate_casus_belli;Establish Protectorate;;;;;;x;;
establish_protectorate_casus_belli_desc;Annex an §Yuncivilized country§W by forcing them to become a protectorate of ours.;;;;;;x;;
establish_protectorate_casus_belli_setup;Annex $RECIPIENT$ by establishing a protectorate over them.;;;;;;x;;
establish_protectorate_casus_belli_short;Annex $RECIPIENT$;;;;;;x;;
NORMAL_WAR_UNIFICATION_NAME;$ORDER$ $FIRST$ Liberation of $STATE$;;;;;;x;;
AGRESSION_WAR_UNIFICATION_NAME;$ORDER$ $FIRST$ Liberation of $STATE$;;;;;;x;;
unification_casus_belli;War of Unification;;;;;;x;;
unification_casus_belli_desc;Liberate core territory of our §YCultural Union§W;;;;;;x;;
unification_casus_belli_setup;Liberate core territory of our §YCultural Union§W.;;;;;;x;;
unification_casus_belli_short;Liberate $STATE$ ;;;;;;x;;
POP_PROMOTE_INFO_ON_SEL;$VAL$ have signed up to be $WHO$ in $WHERE$ recently.;;;;;;x;;
POP_LEAVE_INFO_ON_SEL;$VAL$ have stopped being $WHO$ in $WHERE$ recently.;;;;;;x;;
DOMINION;Dominion;;;;;;x;;
SATELLITE;Satellite;;;;;;x;;
DOMINION_OF_NOCOLOR;Dominion of;;;;;;x;;
SATELLITE_OF_NOCOLOR;Satellite of;;;;;;x;;
DIPLOMACY_CANNOT_SET_PRIO_MYVASSAL;They are a §Y$TYPE$§W of ours and are always in our §YSphere of Influence§W;;;;;;x;;
DIPLOMACY_TRUCE_WITH;Truce with:;;;;;;x;;
DIPLOMACY_CASUSBELLIS;Casus bellis:;;;;;;x;;
tut_1c_9;As we said before, should a pop with soldiers attached to it rebel the brigades will rebel with it. If a brigade has a rebel faction icon next to its population icon, this means that it's POP is a member of a faction. This is very dangerous. One way to check the status of this pop and what its issues are is to click the pop icon in the unit view to open the Population view. For now, just click Next to continue.;;;;;;x;;
#REMOVEFROMSPHERE_DESC;Removes nation from another §YGreat Power§W's Sphere of Influence.;;;;;;x;;
BUDGET_VIEW_CRIME_FIGHT;Crime Fighting Effect:;;;;;;x;;
POP_CURRENT_PROD;Current Production:;;;;;;x;;
ALREADY_ASSIMILATED;Primary or Accepted Culture;;;;;;x;;
TCP_SERVER_LOST;Server lost while transfering save!;;;;;;x;;
tut_7b_6;The prices are set globally each day on the World Market as a function of supply and demand. The current supply and demand will set a target price which the actual price will gradually close in on, you should keep an eye on the development of prices on goods that are important to you. Are Small Arms going up, perhaps its time to build a new factory. The arrow next to the price indicates whether prices are rising (green), remaining steady (yellow) or falling (red). Click 'Next' to continue;;;;;;x;;
tut_7b_8;The image below illustrates the world market entry for clipper convoys. The icons in the bottom row indicate whether we are currently selling or buying the good, and whether trading is currently set to AI automation or not. The government (the player or the AI) can buy and sell on the market in two ways, either by setting trade orders or by automatic trades generated through other actions in the game. Click the Icon for Clipper Convoys to see an automatic Trade.;;;;;;x;;
DIPLO_CALL_ALLIES;Call Allies;;;;;;x;;
RULE_OPEN_FACTORY;Open/Close Factory;;;;;;x;;
PRODUCTION_NOT_DESTROY_FACTORY_BECAUSE_TOOLTIP;We are §RNOT§W allowed to destroy this factory because:\n;;;;;;x;;
BE_ANNEXED;Annexed;;;;;;x;;
PW_COLONY_NO_STATE;At least §Y$NUM$§W% of the population need to be Bureaucrats of an accepted Culture in order to convert this colonial possession into a full national state. Current ratio is §Y$CURR$§W%;;;;;;x;;
REMOVE_PW_COLONY_NO_STATE;At least §Y$NUM$§W% of the population need to be Bureaucrats of an accepted Culture. Current ratio is §Y$CURR$§W%;;;;;;x;;
BAD_SAVE;Error: Bad save.;;;;;;x;;
tut_4c_12b;Let's continue to Army.;;;;;;x;;
USA_reactionary;Southern Democrats;;;;;;x;;
MILITARY_DIG_IN_CAP;Dig-in cap;;;;;;x;;
MILITARY_MILITARY_TACTICS;Military tactics;;;;;;x;;
COUNTRYALERT_NO_CanDoDecisions;There are no decisions that presently demand our attention.;;;;;;x;;
POP_OTHER_LABEL;Other;;;;;;x;;
annex_hawaii_title;The Newlands Resolution;;;;;;x;;
annex_hawaii_desc;The Newlands Resolution was a joint resolution of The U.S. Congress passed in 1898, and named after congressman Francis G. Newlands, which annexed the Republic of Hawaii to the United States, thus creating the Territory of Hawaii.;;;;;;x;;
ionian_islands_question_title;Treaty of London (1864);;;;;;x;;
ionian_islands_question_desc;The Ionian Islands had been an amical protectorate of the United Kingdom ever since the end of the Napoelonic Wars. In 1862 the protectorate was deemed to expensive to maintain, and the islands were, after two years of negotiations, seceded to Greece.;;;;;;x;;
WARSUBSIDIES_DESC;Offer §Y$MONEY$§W¤ each day to help this nation;;;;;;x;;
release_puppet;Release Puppet;;;;;;x;;
release_puppet_short;$THIRD$ is released;;;;;;x;;
release_puppet_setup;Release $THIRD$ from $RECIPIENT$;;;;;;x;;
release_puppet_desc;Release a §Ycountry§W from its sovereign nation;;;;;;x;;
IS_NOT_OUR_VASSAL; is NOT our Puppet;;;;;;x;;
IS_OUR_VASSAL; is our Puppet;;;;;;x;;
COUNTRYALERT_HaveOrganizingRebels;Rebel Factions are organizing in our country!;;;;;;x;;
TOTAL_REBEL_POP;Rebel Faction Members;;;;;;x;;
PROV2918;Bight of Benin;;;;;;x;;
PROV2921;Coast of Guinea;;;;;;x;;
PROV2922;Coast of Senegambia;;;;;;x;;
NUMBER_OF_EMIREES;§Y$NUM$§W have left our nation for other countries this month;;;;;;x;;
NUMBER_OF_IMMIGREES;§Y$NUM$§W have arrived our nation from other countries this month;;;;;;x;;
alaskan_purchase_title;Seward's Icebox;;;;;;x;;
alaskan_purchase_desc;After the events of the Crimean War Russia had begun believing that it could not hope to protect its North American possessions in the event of another war with Britain, and had begun considering a sale of what was to become the U.S. state of Alaska. The territory was bought by the United States in 1867 at the price of 2.3 cents per acre. The Alaska purchase was widely derided in the American press of the day as 'Seward's Icebox' after then Secretary of State William H. Seward, at whose initiative the purchase was made.;;;;;;x;;
EVTNAME32509;The Alaska Purchase?;;;;;;x;;
EVTDESC32509;The feelers put out by Eduard Andreevich Stoeckl, chargé d'affaires at our embassy in Washington, have had results, as The United States has today offered to enter into negotiations over a proposed sale of our territories in North America. The Americans are offering us a price of 2.3 cents per acre for the Alaskan territories, and that price seems relatively fair. The colonies could become hard to defend in the event of war with the United Kingdom, so getting rid of them for a price now might not be such a bad idea. What say you, $MONARCHTITLE$?;;;;;;x;;
EVTOPTA32509;We have more bad climate than we need anyway;;;;;;x;;
EVTOPTB32509;No, I don't think so. Maybe we could build a bridge there someday?;;;;;;x;;
EVTNAME32510;Russia Accepts!;;;;;;x;;
EVTDESC32510;$MONARCHTITLE$, Russia has agreed to sell Alaska to us!;;;;;;x;;
EVTOPTA32510;Excellent!;;;;;;x;;
EVTNAME32511;Russia Declines!;;;;;;x;;
EVTDESC32511;$MONARCHTITLE$, negotiations with Russia over a sale of the Alaska territory have stranded, and Russia has declined to sell us the territory.;;;;;;x;;
EVTOPTA32511;Blast!;;;;;;x;;
IS_DISARMED;is disarmed;;;;;;x;;
IS_NOT_DISARMED;is not disarmed;;;;;;x;;
TRUCE_LASTS_UNTIL;Truce lasts until §Y$DATE$§W;;;;;;x;;
LOBBY_HOST_ONLY;Only the host may start the game;;;;;;x;;
LOBBY_WAITING;You must wait for all players to start, or kick the ones who are missing.;;;;;;x;;
NO_UNIT_TECH;We must discover §Y$TECH$§W to build §Y$UNIT$§W;;;;;;x;;
NO_UNIT_REGIMENTS;We cannot build §Y$UNIT$§W anywhere. Get more §YSoldiers§W.;;;;;;x;;
NO_UNIT_PORTS;We cannot build §Y$UNIT$§W anywhere. Get a §YCoastal§W province.;;;;;;x;;
DIPLOMACY_WARDIALOG_ALLIES;§Y$COUNTRY$§W is protected by the following nation(s):;;;;;;x;;
DIPLOMACY_WARDIALOG_NUM_ALLIES;§Y$COUNTRY$§W is protected by §Y$NUM$§W nation(s);;;;;;x;;
DIPLOMACY_WARDIALOG_ALLY;Ally;;;;;;x;;
WARGOAL_WE_ACCEPT_HEADER;The Foreign Minister reports;;;;;;x ;;
WARGOAL_WE_ACCEPT_1;$MONARCHTITLE$;;;;;;x ;;
WARGOAL_WE_ACCEPT_2;$ACTOR$ has decided to expand our current war by demanding;;;;;;x ;;
WARGOAL_WE_ACCEPT_3;$WARGOAL$;;;;;;x ;;
WARGOAL_WE_ACCEPT_4;The fools think we will somehow cave into them.;;;;;;x ;;
WARGOAL_WE_ACCEPT_5;*;;;;;;x;;
WARGOAL_WE_ACCEPT_6;We will punish them for their insolence.;;;;;;x ;;
WARGOAL_WE_ACCEPT_BTN1;OK;OK;;;;;;x;
WARGOAL_WE_ACCEPT_BTN2;OK;OK;;;;;;x;
WARGOAL_WE_ACCEPT_BTN3;Go to;;;;;;x;;
WARGOAL_WE_ACCEPT_LOG;$ACTOR$ expanded their war with us to include $WARGOAL$.;;;;;;x ;;
WARGOAL_THEY_ACCEPT_HEADER;The Foreign Minister reports;;;;;;x ;;
WARGOAL_THEY_ACCEPT_1;$MONARCHTITLE$;;;;;;x ;;
WARGOAL_THEY_ACCEPT_2;We have decided to expand our war by demanding;;;;;;x ;;
WARGOAL_THEY_ACCEPT_3;$WARGOAL$;;;;;;x ;;
WARGOAL_THEY_ACCEPT_4;We had tried to be reasonable with $RECIPIENT$;;;;;;x ;;
WARGOAL_THEY_ACCEPT_5;*;;;;;;x;;
WARGOAL_THEY_ACCEPT_6;Now they will pay the price for their lack of vision.;;;;;;x ;;
WARGOAL_THEY_ACCEPT_BTN1;OK;OK;;;;;;x;
WARGOAL_THEY_ACCEPT_BTN2;OK;OK;;;;;;x;
WARGOAL_THEY_ACCEPT_BTN3;Go to;;;;;;x;;
WARGOAL_THEY_ACCEPT_LOG;We expanded our war with $RECIPIENT$ to include $WARGOAL$.;;;;;;x ;;
WARGOAL_OTHER_ACCEPT_HEADER;The Foreign Minister reports;;;;;;x ;;
WARGOAL_OTHER_ACCEPT_1;$MONARCHTITLE$;;;;;;x ;;
WARGOAL_OTHER_ACCEPT_2;We have heard rumours from distant lands;;;;;;x ;;
WARGOAL_OTHER_ACCEPT_3;It seems that $ACTOR$;;;;;;x ;;
WARGOAL_OTHER_ACCEPT_4;has decided to expand its war with $RECIPIENT$;;;;;;x ;;
WARGOAL_OTHER_ACCEPT_5;by adding $WARGOAL$;;;;;;x;;
WARGOAL_OTHER_ACCEPT_6;Like we care.;;;;;;x ;;
WARGOAL_OTHER_ACCEPT_BTN1;OK;OK;;;;;;x;
WARGOAL_OTHER_ACCEPT_BTN2;OK;OK;;;;;;x;
WARGOAL_OTHER_ACCEPT_BTN3;Go to;;;;;;x;;
WARGOAL_OTHER_ACCEPT_LOG;$ACTOR$ expanded their war with $RECIPIENT$ to include $WARGOAL$.;;;;;;x ;;
NO_GP_ACTION_ON_SELF;It would be foolish to target ourselves;;;;;;x;;
OL_VIEW_SIEGES;Toggles §YOccupation§W view;;;;;;x;;
BADBOY_EFFECT;$DIRECTION$ $VALUE$ infamy.\n;;;;;;x;;
unification_annex_casus_belli;War of Unification;;;;;;x;;
unification_annex_casus_belli_desc;Liberate core territory of our §YCultural Union§W.;;;;;;x;;
unification_annex_casus_belli_setup;Liberate core territory of our §YCultural Union§W.;;;;;;x;;
unification_annex_casus_belli_short;Annexation;;;;;;x;;
enlightenment_thought;The Rights of Man;;;;;;x;;
enlightenment_thought_desc;The Rights of Man;;;;;;x;;
NORMAL_WAR_UNIFICATION_ANNEX_NAME;$ORDER$ $FIRST$ Liberation of $SECOND_COUNTRY$;;;;;;x;;
AGRESSION_WAR_UNIFICATION_ANNEX_NAME;$ORDER$ $FIRST$ Liberation of $SECOND_COUNTRY$;;;;;;x;;
springtime_of_nations;The Springtime of Nations!;;;;;;x;;
springtime_of_nations_desc;The slumbering nations of Europe awake to throw of the spectres of despotism and tyranny;;;;;;x;;
HND_conservative;Nationalist Congress Party;;;;;;x;;
HND_liberal;Independence Party;;;;;;x;;
HND_reactionary;National Front;;;;;;x;;
HND_anarcho_liberal;Freedom Party;;;;;;x;;
HND_socialist;Indian National Congress;;;;;;x;;
HND_communist;Communist Party;;;;;;x;;
HND_fascist;Unity Party;;;;;;x;;
HND;India;;;;;;x;;
WEDID_ISDISCREDITED_DESC;Discredited until §Y$UNTIL$§W. We are behind this.;;;;;;x;;
WEDID_ISBANNEDEMBASSY_DESC;Banned embassy until §Y$UNTIL$§W. We are behind this.;;;;;;x;;
OTHER_MUST_NEGOTIATE_WITH_WAR_LEADER;We are not allowed to negotiate with the enemy §YWar leader§W since that would end the war. A peace treaty can only be signed between §Y$ENEMY$§W and §Y$COUNTRY$§W.;;;;;;x;;
unification_humiliate_cb;Assert Hegemony;;;;;;x;;
REMOVE_unification_humiliate_cb_desc;Humiliate another Great Power to assert leadership over your common cultural union.;;;;;;x;;
REMOVE_unification_humiliate_cb_setup;Humiliate another Great Power to assert leadership over your common cultural union.;;;;;;x;;
unification_humiliate_cb_short;Admit Hegemony;;;;;;x;;
NORMAL_UNIFICATION_HUMILIATE_NAME;The $FIRST$-$SECOND$ Brother's War;;;;;;x;;
AGRESSION_UNIFICATION_HUMILIATE_NAME;The $FIRST$-$SECOND$ Brother's War;;;;;;x;;
PRODUCTION_REQUIRED_DAILY_INPUTS;Required daily inputs:;;;;;;x;;
PRODUCTION_DAILY_OUTPUT;Daily output:;;;;;;x;;
COUNTRYALERT_NO_HasClosedFactories;There are no bankrupt factories in our nation;;;;;;x;;
COUNTRYALERT_HasClosedFactories;There are bankrupt factories in the following states:;;;;;;x;;
CHI_1496;Hong Kong & Macao;;;;;;x;;
ANY_STATE_STARTS;Any State;;;;;;x;;
indian_sepoys_title;Sepoy Rebels;;;;;;x;;
indian_sepoys_name;Indian Sepoys;;;;;;x;;
indian_sepoys_desc;A Sepoy, from the Persian 'Siphai', meaning soldier, was a term generally applied to indian soldiers in the service of a European Power. In 1857 a number of Sepoys employed by the British East India Company rose in rebellion against British rule in what has been called both 'The Sepoy Rebellion' and 'India's First War of Independence'. Rebelling Sepoys fight for Indian Freedom from colonial rule.;;;;;;x;;
indian_sepoys_army;Sepoy Rebellion;;;;;;x;;
HND_ADJ;Indian;;;;;;x;;
ALD;Algeria;;;;;;x;;
REMOVED_BUDGET_CANT_LOAN_DESC;Banks will only loan you money if you have been meeting your interest payments and are not hostile. Foreign banks will also never loan you more than $MAXLOAN$% of their total available funds for security reasons.;;;;;;x;;
WE_ARE_DISCREDITED;We are discredited;;;;;;x;;
INFLUENCE_NEIGHBOUR;Neighbouring nation;;;;;;x;;
INFLUENCE_OTHER_CONTINENT;Nation is on another continent;;;;;;x;;
INFLUENCE_RELATIVE;Total score of nation relative to our total score;;;;;;x;;
INFLUENCE_AT_MAX;We cannot have more than §Y$MAX$§W influence in a single nation;;;;;;x;;
DIPLOMACY_DAILYINFLULENCE_GAIN;We gain §Y$NUM$§W influence in §Y$COUNTRY$§W each day. Our base influence gain is §Y$BASE$§W;;;;;;x;;
DECL_WAR_NO_VASSAL;We are not allowed to declare war against §Ysatellites§W or §Ydominions§W;;;;;;x;;
austrian_form_south_german_confederation_title;The South German Confederation;;;;;;x;;
austrian_form_south_german_confederation_desc;While Germany was not united until the proclamation of the German Empire, following the Franco-Prussian war, rising nationalism in the 19th century had meant that unification had been on the cards long before that, with the Frankfurt assembly of 1848 being an important forerunner. By achieving a dominant position among the South German states, we can form the South German Confederation.;;;;;;x;;
OL_HOSTILE_SIEGES;Hostile occupation;;;;;;x;;
OL_VIEW_HOSTILE_SIEGES;Toggles §YHostile Occupation§W view.;;;;;;x;;
civil_war_setup;End the war by reuniting our nation under a common banner again.;;;;;;x;;
POOR_MILITANCY_MORE_THAN;Poor strata militancy more than ;;;;;;x;;
MIDDLE_MILITANCY_MORE_THAN;Middle strata militancy more than ;;;;;;x;;
RICH_MILITANCY_MORE_THAN;Rich strata militancy more than ;;;;;;x;;
POOR_MILITANCY_LESS_THAN;Poor strata militancy less than ;;;;;;x;;
MIDDLE_MILITANCY_LESS_THAN;Middle strata militancy less than ;;;;;;x;;
RICH_MILITANCY_LESS_THAN;Rich strata militancy less than ;;;;;;x;;
PRODUCTION_SORT_BY_AVAILABLE_WORKFORCE_TOOLTIP;Sort by unemployed §Y$TYPE$§W;;;;;;x;;
PRODUCTION_SORT_BY_AVG_INVESTORS_TOOLTIP;Sort by average §Y$TYPE$§W in state;;;;;;x;;
PRODUCED_DETAIL;$VAL$ available for our country;;;;;;x;;
TRADE_AVAILABLE;Available;;;;;;x;;
SPA_2517;Micronesia;;;;;;x;;
hungarian_culture_group;Hungarian;;;;;;x;;
polish_culture_group;Polish;;;;;;x;;
czecho_slovak_culture_group;Czecho-Slovak;;;;;;x;;
DZG_ADJ;Danziger;;;;;;x;;
EVTNAME13201;Diplomatic Mission under Siege!;;;;;;x;;
EVTDESC13201;News reaches us from $FROMCOUNTRY$ that the local ruling elites have thrown our ambassador out of the country, and that their troops are laying siege to our embassy with apparent intent to enforce that decision. This affair is developing into an enormous loss of international face, one which can only be avoided through a formal declaration of war against $FROMCOUNTRY$. Sire, how should we respond?;;;;;;x;;
EVTOPTA13201;By Jingo!;;;;;;x;;
EVTOPTB13201;Perhaps we should let the $FROMCOUNTRY_ADJ$ Dragon sleep.;;;;;;x;;
annex_core_country;Restore Order;;;;;;x;;
annex_core_country_short;Annex $RECIPIENT$;;;;;;x;;
annex_core_country_setup;Annex $RECIPIENT$;;;;;;x;;
annex_core_country_desc;Annex a foreign §Ycountry§W all provinces of which are your cores.;;;;;;x;;
liberal_rebels_title;Jacobin Rebels;;;;;;x;;
liberal_rebels_name;Jacobin Rebels;;;;;;x;;
liberal_rebels_desc;Liberal Jacobin Rebels strive for the inclusion of broader stratas of the population in the government of the nation. In an absolute monarchy they will rise to impose a constitutional monarchy, whereas they in all other cases seek to establish a democracy.;;;;;;x;;
liberal_rebels_army;Republican Guard;;;;;;x;;
NORMAL_WAR_RESTORE_ORDER_NAME;$ORDER$$FIRST$ Restoration of Order to the $SECOND$ provinces;;;;;;x;;
AGRESSION_WAR_RESTORE_ORDER_NAME;$ORDER$$FIRST$ Restoration of Order to the $SECOND$ provinces;;;;;;x;;
NOT_ENOUGH_FOR_BRIGADE;There is not enough currently to mobilize a brigade;;;;;;x;;